category,user,tweet,time
iraq,HaveanH,"RT @ridarubabsayed: ‚ÄúThe biggest #myth of all times is that #india is a #democracy""
In #Iraq,there r 1,50,000 military personnel whereas in‚Ä¶",Tue May 02 10:16:21 +0000 2017
iraq,jaraparilla,"RT @airwars: Once again, UN mission in Iraq makes no mention of civilians killed by Coalition or Iraqi forces (though rightly highlights IS‚Ä¶",Tue May 02 10:16:13 +0000 2017
iraq,milk850630,"RT @TopSocialArtist: @.BTS_twt votes using #BTSBBMAs Middle East
Turkey: 245,399
Saudi Arabia: 19,085
UAE: 18,282
Iran: 8,888
Iraq: 5,435
(‚Ä¶",Tue May 02 10:15:56 +0000 2017
iraq,newsonepk,"#Daesh attack in western #Iraq kills 10 soldiers

https://t.co/GC8YHcYZqW",Tue May 02 10:15:55 +0000 2017
iraq,paravertudo,RT @AFP: #BREAKING IS attack kills 24 by Syria refugee camp on Iraq border: monitor,Tue May 02 10:15:55 +0000 2017
iraq,BoWet14,"RT @TopSocialArtist: @.BTS_twt votes using #BTSBBMAs Middle East
Turkey: 245,399
Saudi Arabia: 19,085
UAE: 18,282
Iran: 8,888
Iraq: 5,435
(‚Ä¶",Tue May 02 10:15:53 +0000 2017
iraq,mariafchust,"RT @ala_sattar: In #Iraq, in the book market, books remain in the street at night because Iraqis say: the reader does not steal and the thi‚Ä¶",Tue May 02 10:15:52 +0000 2017
iraq,WorcTeaParty,"RT @Motivated2insp_: OPEC deal backfires: Saudis lose market share to Iran, Iraq https://t.co/SSqHFh2FDj",Tue May 02 10:15:49 +0000 2017
iraq,TSWestbrook,"Without school, children of Mosul feared lost to poverty and conflict https://t.co/8QicmVF6oJ",Tue May 02 10:15:47 +0000 2017
iraq,thegulftoday,Daesh attack kills 24 in Syria refugee camp on Iraq border: monitor https://t.co/AuFWB47mAr,Tue May 02 10:15:45 +0000 2017
iraq,ansarkhann111,RT @LabourEoin: Ouch. Andrew Marr has dropped a truth bomb on Theresa May. She backed Tony Blair 100% on the Iraq Invasion. https://t.co/0C‚Ä¶,Tue May 02 10:15:41 +0000 2017
iraq,ZoeZebedee,RT @LabourEoin: Ouch. Andrew Marr has dropped a truth bomb on Theresa May. She backed Tony Blair 100% on the Iraq Invasion. https://t.co/0C‚Ä¶,Tue May 02 10:15:41 +0000 2017
iraq,amelia_karras,"RT @NathanDWilsonFL: Rest easy, Weston Lee, LT 82nd Airborne KIA Saturday in IED blast near Mosul, Iraq. To his dearest family May God comf‚Ä¶",Tue May 02 10:15:40 +0000 2017
iraq,F3nws,"https://t.co/Besg8Apvvj  #OPEC deal backfires: Saudis lose market share to Iran, Iraq #news",Tue May 02 10:15:39 +0000 2017
iraq,1foolon1hill,"4,033 Killed in Iraq during April https://t.co/UE31yuWoeX",Tue May 02 10:15:38 +0000 2017
iraq,juicyfinelady,RT @AFP: #BREAKING IS attack kills 24 by Syria refugee camp on Iraq border: monitor,Tue May 02 10:15:36 +0000 2017
iraq,JAFAR_CFC,"My followers are in Saudi Arabia(70%), Iraq(9%)... Get your map too: https://t.co/YWHzxPzbAb https://t.co/UykoPPiXHZ",Tue May 02 10:15:36 +0000 2017
iraq,rasimsivr0,"RT @RobSchneider: Just 4 reasons for no regime change in Syria;
1. Vietnam 1962
2. Yugoslavia 1999
3. Iraq 2002
4. Libya 2011",Tue May 02 10:15:35 +0000 2017
iraq,PersianRose1,"@GlasgowAlbum Iraq has ballet school in Baghdad now, except for ISIS territory of course. They say ISIS in Iraq is finished in 3 weeks.",Tue May 02 10:15:30 +0000 2017
iraq,MATErlandsson,"""...Deir Ezzor, Syria‚Äôs major oil center..."" How Obama and Erdogan Moved ISIS from Iraq to Syria...https://t.co/brKossLldb via @grtvnews",Tue May 02 10:15:29 +0000 2017
iraq,mikerestorer,"US Repeating Same War Crime in Syria that Starved 500,000 Children to Death in Iraq https://t.co/qrpPuxqqX9",Tue May 02 10:15:29 +0000 2017
iraq,NewsStream24,#BREAKING IS attack kills 24 by Syria refugee camp on Iraq border: monitor,Tue May 02 10:15:27 +0000 2017
iraq,GREENGLOWUAE,Green Glow Quality Irrigation For More Details Call:+971551416608 #irrigation #Agriculture #iraq https://t.co/5m7RcrAld8,Tue May 02 10:15:27 +0000 2017
iraq,DarwinPrime,RT @GebeilyM: #BREAKING: IS attack kills 24 by Syria refugee camp on Iraq border: monitor - via @AFP,Tue May 02 10:15:25 +0000 2017
iraq,JTICMattHenman,RT @GebeilyM: #BREAKING: IS attack kills 24 by Syria refugee camp on Iraq border: monitor - via @AFP,Tue May 02 10:15:21 +0000 2017
iraq,HDaleHouser1,"RT @chris1reuters: #Russia #oil output falls - almost at global pact target @vsoldatkin
#OPEC #OOTT #gas #China #Saudi #Iraq #Libya
https:/‚Ä¶",Tue May 02 10:15:17 +0000 2017
iraq,RamiroEncerrado,BREAKING: Witnesses cast doubt on US claims that Islamic State militants may be behind toll in deadliest strike in Iraq's Mosul.,Tue May 02 10:15:09 +0000 2017
iraq,ela_ssi94,"RT @TopSocialArtist: @.BTS_twt votes using #BTSBBMAs Middle East
Turkey: 245,399
Saudi Arabia: 19,085
UAE: 18,282
Iran: 8,888
Iraq: 5,435
(‚Ä¶",Tue May 02 10:15:09 +0000 2017
iraq,jpurias,RT @GebeilyM: #BREAKING: IS attack kills 24 by Syria refugee camp on Iraq border: monitor - via @AFP,Tue May 02 10:15:04 +0000 2017
iraq,ToUsEeFBiNNaziR,"RT @ahmedalifayyaz: Before Erdogan only two world leaders had, long back, said something soothing for the Kashmiris: Qaddafi of Libya &amp; Sad‚Ä¶",Tue May 02 10:14:56 +0000 2017
iraq,chris1reuters,"#Russia #oil output falls - almost at global pact target @vsoldatkin
#OPEC #OOTT #gas #China #Saudi #Iraq #Libya‚Ä¶ https://t.co/81gtoGXisH",Tue May 02 10:14:55 +0000 2017
iraq,nematoadofosho,RT @motherboard: The largest consumer drone company is creating no-fly zones to try and stop ISIS from using its products https://t.co/qIJ0‚Ä¶,Tue May 02 10:14:50 +0000 2017
iraq,ARMYEce_,"RT @TopSocialArtist: @.BTS_twt votes using #BTSBBMAs Middle East
Turkey: 245,399
Saudi Arabia: 19,085
UAE: 18,282
Iran: 8,888
Iraq: 5,435
(‚Ä¶",Tue May 02 10:14:49 +0000 2017
iraq,lmona11,"@washingtonpost Belgium is a beautiful city....,  look what they are doing in Sweden..., Fired 59 rockets in the di‚Ä¶ https://t.co/QhPKHIid6A",Tue May 02 10:14:46 +0000 2017
iraq,kevinlaybolt59,"RT @NathanDWilsonFL: Rest easy, Weston Lee, LT 82nd Airborne KIA Saturday in IED blast near Mosul, Iraq. To his dearest family May God comf‚Ä¶",Tue May 02 10:14:46 +0000 2017
iraq,Right2Refuse,"RT @Motivated2insp_: OPEC deal backfires: Saudis lose market share to Iran, Iraq https://t.co/SSqHFh2FDj",Tue May 02 10:14:44 +0000 2017
iraq,zdeloyola,"RT @ala_sattar: In #Iraq, in the book market, books remain in the street at night because Iraqis say: the reader does not steal and the thi‚Ä¶",Tue May 02 10:14:40 +0000 2017
iraq,Kataeb_Eng,AFP citing Monitor: ISIS attack kills 24 by Syria refugee camp on Iraq border,Tue May 02 10:14:32 +0000 2017
iraq,avgeekretweeter,RT @VideosAero: F/A-18 Hornets and EA-6B Prowlers Launch to Target ISIL in Iraq! https://t.co/V92q4wJiJ1 #avgeek #video #aero,Tue May 02 10:14:24 +0000 2017
iraq,AgendaOfEvil,#IslamicState #Attack in western #Iraq kills 10 soldiers: Officers https://t.co/iG5sMZTrAP,Tue May 02 10:14:21 +0000 2017
iraq,CineCoreadelNor,RT @RT_com: John McCain knows North Korea - unlike Iraq &amp; Libya - is not 'low-hanging fruit' (Op-Edge) https://t.co/tYrKQt2AR0 https://t.co‚Ä¶,Tue May 02 10:14:21 +0000 2017
iraq,nashnasihah,RT @AFP: #BREAKING IS attack kills 24 by Syria refugee camp on Iraq border: monitor,Tue May 02 10:14:21 +0000 2017
iraq,red_ronald1949,"RT @crimesofbrits: The 179 British soldiers who died in Iraq are not victims. They were the invaders, occupiers &amp; butchers.",Tue May 02 10:14:20 +0000 2017
iraq,Reallythatfew1,RT @AFP: #BREAKING IS attack kills 24 by Syria refugee camp on Iraq border: monitor,Tue May 02 10:14:16 +0000 2017
iraq,Headerop1,"RT @ABC: Pentagon identifies soldier killed in explosion near Mosul as 25-year-old 1st Lt. Weston C. Lee of Bluffton, Georgia https://t.co/‚Ä¶",Tue May 02 10:14:12 +0000 2017
iraq,missmjb,"RT @LBC: Tony Blair says it's hard to be hated. ""Tell that to the relatives of the 179 British servicemen who died in Iraq‚Äù https://t.co/wg‚Ä¶",Tue May 02 10:14:10 +0000 2017
iraq,shootisttx,"RT @TerranceCreamer: R.I.P US Army Specialist Jeffrey F. Nichols, 21 of Granite Shoals, Texas, KIA (May 1, 2008) in Baghdad, Iraq! https://‚Ä¶",Tue May 02 10:14:07 +0000 2017
iraq,kim_holsapple,"RT @NathanDWilsonFL: Rest easy, Weston Lee, LT 82nd Airborne KIA Saturday in IED blast near Mosul, Iraq. To his dearest family May God comf‚Ä¶",Tue May 02 10:14:07 +0000 2017
iraq,igasigaf,"RT @TopSocialArtist: @.BTS_twt votes using #BTSBBMAs Middle East
Turkey: 245,399
Saudi Arabia: 19,085
UAE: 18,282
Iran: 8,888
Iraq: 5,435
(‚Ä¶",Tue May 02 10:14:07 +0000 2017
iraq,VideosAero,F/A-18 Hornets and EA-6B Prowlers Launch to Target ISIL in Iraq! https://t.co/V92q4wJiJ1 #avgeek #video #aero,Tue May 02 10:14:04 +0000 2017
iraq,hungryturkey007,"@MMFlint 
Obama was a basket of shame. LGBT's rose, 150 billion/20% Uranium gifted to Iran, Libya/Afghanistan/Iraq/Syria/Yemen/Sudan have",Tue May 02 10:14:04 +0000 2017
iraq,ridarubabsayed,"RT @ridarubabsayed: ‚ÄúThe biggest #myth of all times is that #india is a #democracy""
In #Iraq,there r 1,50,000 military personnel whereas in‚Ä¶",Tue May 02 10:13:59 +0000 2017
iraq,Macdeleon12,"RT @NathanDWilsonFL: Rest easy, Weston Lee, LT 82nd Airborne KIA Saturday in IED blast near Mosul, Iraq. To his dearest family May God comf‚Ä¶",Tue May 02 10:13:55 +0000 2017
iraq,Sophiemcneill,RT @GebeilyM: #BREAKING: IS attack kills 24 by Syria refugee camp on Iraq border: monitor - via @AFP,Tue May 02 10:13:52 +0000 2017
iraq,Sophiemcneill,RT @GebeilyM: #BREAKING: IS attack kills 24 by Syria refugee camp on Iraq border: monitor - via @AFP,Tue May 02 10:13:52 +0000 2017
iraq,dailyaajupdates,"Civilian killing took place in #Iraq and #Syria

Full details --&gt; https://t.co/v47pU62Ygj

#DailyAAJUpdates https://t.co/nEpeGxO8nS",Tue May 02 10:13:47 +0000 2017
iraq,cdgcdn,"RT @AJEnglish: How private companies recruit former child soldiers for military operations in Iraq, Afghanistan and elsewhere https://t.co/‚Ä¶",Tue May 02 10:13:38 +0000 2017
iraq,rashidaldosari,RT @AFP: #BREAKING IS ambush in western Iraq kills 10 soldiers: officers,Tue May 02 10:13:35 +0000 2017
iraq,MrPro24apple,"RT @iraqi_day: The political chaos continues to grow in #KRG.
Governor of Sulaymaniyah north #Iraq Sardar Qadr announced his resignation fr‚Ä¶",Tue May 02 10:13:34 +0000 2017
iraq,threekimsonemin,"RT @TopSocialArtist: @.BTS_twt votes using #BTSBBMAs Middle East
Turkey: 245,399
Saudi Arabia: 19,085
UAE: 18,282
Iran: 8,888
Iraq: 5,435
(‚Ä¶",Tue May 02 10:13:34 +0000 2017
iraq,HamdiAMalik,"My latest on the possibility of an #ISIS-#alQaeda alliance. #ISIL, #Daesh. https://t.co/Lgf9dvBkQ3",Tue May 02 10:13:26 +0000 2017
iraq,jeff_amota,RT @AFP: #BREAKING IS attack kills 24 by Syria refugee camp on Iraq border: monitor,Tue May 02 10:13:17 +0000 2017
iraq,livegreenordie,US air strike turned a home in #Mosul into a death trap https://t.co/ar6QIn0QP0,Tue May 02 10:13:06 +0000 2017
iraq,A_Ozkok,"Meanwhile#Mosul: ""Islamic State"" killed another #Iraqi Major of the Emergency Response Brigade in West #Mosul. #Iraq https://t.co/TwklUlIt5Z",Tue May 02 10:13:06 +0000 2017
iraq,guneyyildiz,"RT @heminhawrami: At @ecfr ,presented our views on post ISIS Iraq, referendum &amp; independence process in panel w/ @RanjAlaaldin @guneyyildiz‚Ä¶",Tue May 02 10:13:03 +0000 2017
iraq,heavydemon2012,RT @MiIitaryUSA: 1st Lieutenant 82nd airborne Divison. Weston C. Lee KIA 04/29/17 when an IED detonated while on patrol near Mosul Iraq. R.‚Ä¶,Tue May 02 10:13:00 +0000 2017
iraq,MinMinyensu93,"RT @TopSocialArtist: @.BTS_twt votes using #BTSBBMAs Middle East
Turkey: 245,399
Saudi Arabia: 19,085
UAE: 18,282
Iran: 8,888
Iraq: 5,435
(‚Ä¶",Tue May 02 10:12:58 +0000 2017
iraq,MrPro24apple,RT @AFP: #BREAKING IS attack kills 24 by Syria refugee camp on Iraq border: monitor,Tue May 02 10:12:56 +0000 2017
iraq,RuyaFoundation,The complex logistics of shipping artworks to Venice. The works are on their way to Iraq Pavilion #venicebiennale‚Ä¶ https://t.co/pdWb9pKlL9,Tue May 02 10:12:52 +0000 2017
iraq,radwamedhat80,RT @AFP: #BREAKING IS attack kills 24 by Syria refugee camp on Iraq border: monitor,Tue May 02 10:12:51 +0000 2017
iraq,M_Seloom,"RT @Hashem_Alolom: Asked his thoughts on Iraqi Armed Forces. He replied, ""What #Iraq has done no force could have.. https://t.co/OuhbrgkOtB",Tue May 02 10:12:49 +0000 2017
iraq,simonamaties,RT @AFP: #BREAKING IS attack kills 24 by Syria refugee camp on Iraq border: monitor,Tue May 02 10:12:27 +0000 2017
iraq,usdefenseteam,"OPEC deal backfires: Saudis lose market share to Iran, Iraq https://t.co/EsatqutQbE",Tue May 02 10:12:27 +0000 2017
iraq,nizummahmood22,15 Best Places to Visit in Iraq https://t.co/W14737B0ha,Tue May 02 10:12:25 +0000 2017
iraq,lacunalingua,RT @AFP: #BREAKING IS attack kills 24 by Syria refugee camp on Iraq border: monitor,Tue May 02 10:12:24 +0000 2017
iraq,cahulaan,House packed with families became death trap in Iraq‚Äôs Mosul https://t.co/Qm9mBEQ6QI https://t.co/dRhdFnjed6,Tue May 02 10:12:20 +0000 2017
iraq,K00l_Ayesha,K00l_Ayesha Islamic State attack in western Iraq kills 10 soldiers https://t.co/tW6uxo6XJb @Sw33t_Anaya https://t.co/pj3Vh3cZiR,Tue May 02 10:12:16 +0000 2017
iraq,faaiq_sheikh,Islamic State attack in western Iraq kills 10 soldiers https://t.co/yYe32cAMn3 https://t.co/b6MXLg44Ib,Tue May 02 10:12:16 +0000 2017
iraq,JustNews_PK,Islamic State attack in western Iraq kills 10 soldiers https://t.co/xD6xBXZ06p https://t.co/Lm6WaxdcGr,Tue May 02 10:12:11 +0000 2017
iraq,bdnews24,AFP: #BREAKING IS attack kills 24 by Syria refugee camp on Iraq border: monitor https://t.co/h8U2stqg5L,Tue May 02 10:12:09 +0000 2017
iraq,RandaHabib,RT @AFP: #BREAKING IS attack kills 24 by Syria refugee camp on Iraq border: monitor,Tue May 02 10:12:07 +0000 2017
iraq,ReliefWebJobs,Parallel Report Consultant for Iraq with Handicap Intl.. Deadline 15 May. https://t.co/loY0nMEcyI,Tue May 02 10:12:06 +0000 2017
iraq,peter_porto,RT @i24NEWS_EN: #BREAKING: IS attack kills 24 by refugee camp on Syria-Iraq border: monitor https://t.co/RiAWCLA0wK,Tue May 02 10:12:05 +0000 2017
iraq,DroneTimes,#Drone captures devastation in Iraq's Mosul https://t.co/I5obc3hE1j,Tue May 02 10:12:04 +0000 2017
iraq,Top_Story_News,Islamic State Regroups in Parts of Iraq https://t.co/VyOou5Q6NI,Tue May 02 10:12:02 +0000 2017
iraq,beaglebenn,"RT @YouAreAwesomeUR: @Oiseau_LibreMoi Contact your DC Reps and The White House - Say NO To #WW3
#NKorea #Syria #Lybia #Yemen #Iraq #Afghani‚Ä¶",Tue May 02 10:12:01 +0000 2017
iraq,therajmailasi,"RT @ala_sattar: In #Iraq, in the book market, books remain in the street at night because Iraqis say: the reader does not steal and the thi‚Ä¶",Tue May 02 10:11:51 +0000 2017
iraq,RuyaFoundation,Art works arrive to the Iraq Pavilion at Palazzo Cavalli Franchetti for #venicebiennale #biennalearte2017‚Ä¶ https://t.co/MAUGZr1PO7,Tue May 02 10:11:49 +0000 2017
iraq,pfaliano,RT @iyouport_news: ÔºÉBreaking IS attack kills 24 by Syria refugee camp on Iraq border: monitor üò°,Tue May 02 10:11:32 +0000 2017
iraq,TheDeatonator,"RT @ala_sattar: In #Iraq, in the book market, books remain in the street at night because Iraqis say: the reader does not steal and the thi‚Ä¶",Tue May 02 10:11:31 +0000 2017
iraq,jaustinuche,RT @AFP: #BREAKING IS attack kills 24 by Syria refugee camp on Iraq border: monitor,Tue May 02 10:11:28 +0000 2017
iraq,i24NEWS_EN,#BREAKING: IS attack kills 24 by refugee camp on Syria-Iraq border: monitor https://t.co/RiAWCLA0wK,Tue May 02 10:11:19 +0000 2017
iraq,OccupySchagen,"#Occupy: #Iraq &amp; #Syria #Coalition #Airstrikes:
May.02

Daily Military reports

https://t.co/0fuXL5of0a",Tue May 02 10:11:13 +0000 2017
iraq,Vaqar_85,"RT @ala_sattar: In #Iraq, in the book market, books remain in the street at night because Iraqis say: the reader does not steal and the thi‚Ä¶",Tue May 02 10:11:10 +0000 2017
iraq,ralph_pierno,"RT @NathanDWilsonFL: Rest easy, Weston Lee, LT 82nd Airborne KIA Saturday in IED blast near Mosul, Iraq. To his dearest family May God comf‚Ä¶",Tue May 02 10:11:09 +0000 2017
iraq,AmitaShajil,"RT @TopSocialArtist: @.BTS_twt votes using #BTSBBMAs Middle East
Turkey: 245,399
Saudi Arabia: 19,085
UAE: 18,282
Iran: 8,888
Iraq: 5,435
(‚Ä¶",Tue May 02 10:11:07 +0000 2017
iraq,pv_taesss,"RT @TopSocialArtist: @.BTS_twt votes using #BTSBBMAs Middle East
Turkey: 245,399
Saudi Arabia: 19,085
UAE: 18,282
Iran: 8,888
Iraq: 5,435
(‚Ä¶",Tue May 02 10:11:06 +0000 2017
iraq,RantsOutloud,RT @GebeilyM: #BREAKING: IS attack kills 24 by Syria refugee camp on Iraq border: monitor - via @AFP,Tue May 02 10:11:03 +0000 2017
iraq,KameKazuLuv,"RT @TopSocialArtist: @.BTS_twt votes using #BTSBBMAs Middle East
Turkey: 245,399
Saudi Arabia: 19,085
UAE: 18,282
Iran: 8,888
Iraq: 5,435
(‚Ä¶",Tue May 02 10:10:58 +0000 2017
iraq,Balagoz,"OPEC deal backfires: Saudis lose market share to Iran, Iraq https://t.co/bqIDKCrsVF",Tue May 02 10:10:58 +0000 2017
iraq,newslivenetwork,Drone captures devastation in Iraq's Mosul https://t.co/J2rTU7Y0AC #HT #World,Tue May 02 10:10:56 +0000 2017
iraq,jeff_messick,RT @RedNationRising: 1st Lt. Weston Lee was killed this weekend while serving in Iraq. We will never forget your sacrifice. RIP Hero üá∫üá∏ htt‚Ä¶,Tue May 02 10:10:56 +0000 2017
iraq,Journo_Bagish,RT @AFP: #BREAKING IS attack kills 24 by Syria refugee camp on Iraq border: monitor,Tue May 02 10:10:54 +0000 2017
iraq,diegocabrerap,"RT @ala_sattar: In #Iraq, in the book market, books remain in the street at night because Iraqis say: the reader does not steal and the thi‚Ä¶",Tue May 02 10:10:51 +0000 2017
iraq,mariareniam1089,RT @AFP: #BREAKING IS attack kills 24 by Syria refugee camp on Iraq border: monitor,Tue May 02 10:10:49 +0000 2017
iraq,ChanPaddy,"RT @WarOnTheRocks: In both Iraq and Afghanistan, the U.S. has been no more successful against IEDs than vs. insurgencies. https://t.co/zZz0‚Ä¶",Tue May 02 10:10:47 +0000 2017
iraq,ksejey,"RT @TopSocialArtist: @.BTS_twt votes using #BTSBBMAs Middle East
Turkey: 245,399
Saudi Arabia: 19,085
UAE: 18,282
Iran: 8,888
Iraq: 5,435
(‚Ä¶",Tue May 02 10:10:39 +0000 2017
iraq,AlradaiAbdallah,"RT @RiseUp75: many people are unaware. That's a big problem.

#Yinon plan - The Zionist Plan for the #MiddleEast
https://t.co/wkm4ZHah6Y

#‚Ä¶",Tue May 02 10:10:37 +0000 2017
iraq,BantiranPost,#BPWORLD Islamic State Regroups in Parts of Iraq https://t.co/wfyI5kuTWl,Tue May 02 10:10:33 +0000 2017
iraq,Worldnews_top,Iraqi state gas firm official shot dead in Kirkuk city: police https://t.co/FLE7Mo0VwW #worldnews #news #breakingnews,Tue May 02 10:10:33 +0000 2017
iraq,kj1pronin,"RT @ala_sattar: In #Iraq, in the book market, books remain in the street at night because Iraqis say: the reader does not steal and the thi‚Ä¶",Tue May 02 10:10:25 +0000 2017
iraq,news_az,10 soldiers killed in Daesh attack in W. Iraq https://t.co/BZamIjNCEm #azerbaijan,Tue May 02 10:10:22 +0000 2017
iraq,tamerkhankan,RT @joseph_karem: @abdalka14625225 @Mary_UB7 @Texa00 @nico_gaia @GinaMirafuente1 @ChakikHanan @rFlnqYaHwxaHYk3 @HamdWw @Rita246Rita @A35525‚Ä¶,Tue May 02 10:10:18 +0000 2017
iraq,MyoIie,"RT @BBassem7: Forget Afghanistan, Iraq &amp; Syria, the next front for terrorism will be coming from Indonesia &amp; Bangladesh where Saudi is rais‚Ä¶",Tue May 02 10:10:11 +0000 2017
iraq,btscometomacity,"RT @TopSocialArtist: @.BTS_twt votes using #BTSBBMAs Middle East
Turkey: 245,399
Saudi Arabia: 19,085
UAE: 18,282
Iran: 8,888
Iraq: 5,435
(‚Ä¶",Tue May 02 10:10:10 +0000 2017
iraq,meiyinkun5,RT @worldonalert: #Mosul: Video shows clashes between #ISIS and the #Iraq|i army in Western #Mosul today. https://t.co/g8Ut2bCvDO,Tue May 02 10:10:09 +0000 2017
iraq,m_fao0o,"RT @TopSocialArtist: @.BTS_twt votes using #BTSBBMAs Middle East
Turkey: 245,399
Saudi Arabia: 19,085
UAE: 18,282
Iran: 8,888
Iraq: 5,435
(‚Ä¶",Tue May 02 10:10:09 +0000 2017
iraq,KarloMdz,AFP: #BREAKING IS attack kills 24 by Syria refugee camp on Iraq border: monitor https://t.co/2BoflibjNg,Tue May 02 10:10:02 +0000 2017
iraq,meiyinkun5,"RT @worldonalert: The #US propaganda about civilian casualties in #Syria and #Iraq is not better than the #Russia|n propaganda. Nice try, #‚Ä¶",Tue May 02 10:10:01 +0000 2017
iraq,AdrianMonge,"RT @airwars: Once again, UN mission in Iraq makes no mention of civilians killed by Coalition or Iraqi forces (though rightly highlights IS‚Ä¶",Tue May 02 10:10:00 +0000 2017
iraq,Cybele36,"RT @ala_sattar: In #Iraq, in the book market, books remain in the street at night because Iraqis say: the reader does not steal and the thi‚Ä¶",Tue May 02 10:09:56 +0000 2017
iraq,Anaminona,RT @AFP: #BREAKING IS attack kills 24 by Syria refugee camp on Iraq border: monitor,Tue May 02 10:09:56 +0000 2017
iraq,plhjHpCPJy4hZM5,topless iraq girel dance https://t.co/WeBKeTosmi,Tue May 02 10:09:47 +0000 2017
iraq,MosulBreaking,"IS attack in western Iraq kills 10 soldiers: Officers 
 https://t.co/2OrgONJxYn",Tue May 02 10:09:46 +0000 2017
iraq,shaahid_96,RT @AFP: #BREAKING IS attack kills 24 by Syria refugee camp on Iraq border: monitor,Tue May 02 10:09:45 +0000 2017
iraq,MookSaechan,"RT @TopSocialArtist: @.BTS_twt votes using #BTSBBMAs Middle East
Turkey: 245,399
Saudi Arabia: 19,085
UAE: 18,282
Iran: 8,888
Iraq: 5,435
(‚Ä¶",Tue May 02 10:09:42 +0000 2017
iraq,Sofi_Ajaz,"RT @ahmedalifayyaz: Before Erdogan only two world leaders had, long back, said something soothing for the Kashmiris: Qaddafi of Libya &amp; Sad‚Ä¶",Tue May 02 10:09:42 +0000 2017
iraq,Richardsimons17,"RT @TerranceCreamer: R.I.P USMC LCpl. Johnathan E. Kirk, 25 of Belhaven, North Carolina, KIA (May 1, 2007) in Al Anbar Province, Iraq! http‚Ä¶",Tue May 02 10:09:41 +0000 2017
iraq,Fox61__,RT @AFP: #BREAKING IS attack kills 24 by Syria refugee camp on Iraq border: monitor,Tue May 02 10:09:40 +0000 2017
iraq,shantanumehra,RT @AFP: #BREAKING IS attack kills 24 by Syria refugee camp on Iraq border: monitor,Tue May 02 10:09:39 +0000 2017
iraq,livegreenordie,'Baghdaddy': New York turns Iraq war into musical https://t.co/hW9RqVkjkQ,Tue May 02 10:09:33 +0000 2017
iraq,jstaplesbutler,@rob_marchant @pauloCanning @Jake_Wilde @rob_francis @UsefulIdiotWtch @DavidDPaxton @pplswar @santiago_bracho Party‚Ä¶ https://t.co/38vIbz1kTh,Tue May 02 10:09:26 +0000 2017
iraq,sergillima,RT @AFP: #BREAKING IS attack kills 24 by Syria refugee camp on Iraq border: monitor,Tue May 02 10:09:26 +0000 2017
iraq,INFOS_EN,RT @AFP: #BREAKING IS attack kills 24 by Syria refugee camp on Iraq border: monitor,Tue May 02 10:09:25 +0000 2017
iraq,grospelican,RT @CombatChris1: Iraq : Kurdish security were forced to arrest three #YBS (PKK) fighters who kidnapped a 10 year old girl in #Sinjar. http‚Ä¶,Tue May 02 10:09:24 +0000 2017
iraq,abebut,"RT @iraqi_day: #BREAKING
#iraq Army repelled a massive #ISIS attack on Army compound in Rutbah west #Anbar, soldiers were outnumbered but s‚Ä¶",Tue May 02 10:09:21 +0000 2017
iraq,Ulaar_Boys,RT @SaladinAlDronni: New claims from Sammara. Allegedly over 30 of security personal were killed during today's operation against police HQ‚Ä¶,Tue May 02 10:09:20 +0000 2017
iraq,linanloo,"RT @AJEnglish: How private companies recruit former child soldiers for military operations in Iraq, Afghanistan and elsewhere https://t.co/‚Ä¶",Tue May 02 10:09:20 +0000 2017
iraq,harryfear,RT @AFP: #BREAKING IS attack kills 24 by Syria refugee camp on Iraq border: monitor,Tue May 02 10:09:19 +0000 2017
iraq,NarrendraM,#BREAKING IS attack kills 24 by Syria refugee camp on Iraq border: monitor,Tue May 02 10:09:18 +0000 2017
iraq,GuthrieDavis,RT @AFP: #BREAKING IS attack kills 24 by Syria refugee camp on Iraq border: monitor,Tue May 02 10:09:17 +0000 2017
iraq,njbhckl,Islamic State Regroups in Parts of Iraq https://t.co/epQmm5xHmT https://t.co/ohWOpogYfv,Tue May 02 10:09:16 +0000 2017
iraq,NewsCenterHQ101,#BREAKING IS attack kills 24 by Syria refugee camp on Iraq border: monitor,Tue May 02 10:09:15 +0000 2017
iraq,kekeEhmedd,RT @AFP: #BREAKING IS attack kills 24 by Syria refugee camp on Iraq border: monitor,Tue May 02 10:09:11 +0000 2017
iraq,harryjmorgan1,RT @georgegalloway: If elected to Parliament on June 8 #GE2017 #ManchesterGorton I will pursue the trial conviction and incarceration of To‚Ä¶,Tue May 02 10:09:07 +0000 2017
iraq,Behzadon,#BREAKING IS attack kills 24 by Syria refugee camp on Iraq border: monitor,Tue May 02 10:09:05 +0000 2017
iraq,ecemkrali,RT @worldonalert: #Mosul: #ISIS has killed an #Iraq|i Major of the Emergency Response Brigade in Western #Mosul. https://t.co/g1dlbzKCUd,Tue May 02 10:09:03 +0000 2017
iraq,GebeilyM,#BREAKING: IS attack kills 24 by Syria refugee camp on Iraq border: monitor - via @AFP,Tue May 02 10:09:02 +0000 2017
iraq,Hashem_Alolom,"Asked his thoughts on Iraqi Armed Forces. He replied, ""What #Iraq has done no force could have.. https://t.co/OuhbrgkOtB",Tue May 02 10:08:58 +0000 2017
iraq,123_Skandinavia,"RT @CJTFOIR: May 1, #Coalition forces conducted 15 strikes consisting of 38 engagements against #ISIS in Syria &amp; Iraq.

MORE: https://t.co/‚Ä¶",Tue May 02 10:08:58 +0000 2017
iraq,Rajput_110,RT @AFP: #BREAKING IS attack kills 24 by Syria refugee camp on Iraq border: monitor,Tue May 02 10:08:55 +0000 2017
iraq,hola_btsarmy,"RT @TopSocialArtist: @.BTS_twt votes using #BTSBBMAs Middle East
Turkey: 245,399
Saudi Arabia: 19,085
UAE: 18,282
Iran: 8,888
Iraq: 5,435
(‚Ä¶",Tue May 02 10:08:54 +0000 2017
iraq,marianplumper,"RT @TopSocialArtist: @.BTS_twt votes using #BTSBBMAs Middle East
Turkey: 245,399
Saudi Arabia: 19,085
UAE: 18,282
Iran: 8,888
Iraq: 5,435
(‚Ä¶",Tue May 02 10:08:53 +0000 2017
iraq,jamesyboy8,RT @stevebrookstein: A war zone? Fireworks.  Look at Syria.  Look at Gaza. Look at Iraq. Get your head out your arse. Far right propaganda.‚Ä¶,Tue May 02 10:08:51 +0000 2017
iraq,AnkitAayushaman,"RT @ala_sattar: In #Iraq, in the book market, books remain in the street at night because Iraqis say: the reader does not steal and the thi‚Ä¶",Tue May 02 10:08:46 +0000 2017
iraq,iyouport_news,ÔºÉBreaking IS attack kills 24 by Syria refugee camp on Iraq border: monitor üò°,Tue May 02 10:08:46 +0000 2017
iraq,ChildSoldiersIn,"How private companies recruit former #childsoldiers for operations in #Iraq, #Afghanistan and elsewhere https://t.co/MvaUQeqIa0 @AlJazeera",Tue May 02 10:08:45 +0000 2017
iraq,tech_newsUS,Islamic State Regroups in Parts of Iraq https://t.co/zYzSgct2f8 https://t.co/02W5olC1kO,Tue May 02 10:08:43 +0000 2017
iraq,njbhckl,Islamic State Regroups in Parts of Iraq https://t.co/DU5rtXUq7T https://t.co/SwVGKmgufj,Tue May 02 10:08:40 +0000 2017
iraq,AlbertoAle16,Islamic State Regroups in Parts of Iraq https://t.co/HzmbyDWmFY https://t.co/oX3xbOSvuT,Tue May 02 10:08:37 +0000 2017
iraq,technews_US_,Islamic State Regroups in Parts of Iraq https://t.co/fJglgK2kDM https://t.co/W86SKBHR8Z,Tue May 02 10:08:35 +0000 2017
iraq,abu_tralala,RT @worldonalert: #Mosul: #ISIS has killed an #Iraq|i Major of the Emergency Response Brigade in Western #Mosul. https://t.co/g1dlbzKCUd,Tue May 02 10:08:32 +0000 2017
iraq,8_OneOfMany_8,RT @TheArabSource: #ISIL claims 30+ Iraqi soldiers killed by twin suicide attack in #Samarra https://t.co/OpZ1Fa3yQ2 #Iraq,Tue May 02 10:08:31 +0000 2017
iraq,DSGiri,"RT @coolsarathi124: @ExSecular @DSGiri Long live Kurdistan the barbarian Turks r unleashing their army on Kurdish people in Iraq &amp; Syria, t‚Ä¶",Tue May 02 10:08:31 +0000 2017
iraq,francisjbrooke,"RT @iraqi_day: The political chaos continues to grow in #KRG.
Governor of Sulaymaniyah north #Iraq Sardar Qadr announced his resignation fr‚Ä¶",Tue May 02 10:08:30 +0000 2017
iraq,EnfermeraTati,"RT @ala_sattar: In #Iraq, in the book market, books remain in the street at night because Iraqis say: the reader does not steal and the thi‚Ä¶",Tue May 02 10:08:29 +0000 2017
iraq,noorpaleker,"RT @liberatethis: @Kaepernick7 In Vietnam or Iraq/Afghanistan/Somalia/Libya/Syria/Yemen/etc, US military service still for sake of ""dominat‚Ä¶",Tue May 02 10:08:28 +0000 2017
iraq,therealbadboy22,RT @AP: BREAKING: Witnesses cast doubt on US claims that Islamic State militants may be behind toll in deadliest strike in Iraq's Mosul.,Tue May 02 10:08:28 +0000 2017
iraq,eggry,RT @AFP: #BREAKING IS attack kills 24 by Syria refugee camp on Iraq border: monitor,Tue May 02 10:08:24 +0000 2017
iraq,iFortknox,RT @AFP: #BREAKING IS attack kills 24 by Syria refugee camp on Iraq border: monitor,Tue May 02 10:08:20 +0000 2017
iraq,WJpolitics,US Army paratrooper killed fighting ISIS in Iraq is identified - Fox News https://t.co/quBu59KASP,Tue May 02 10:08:20 +0000 2017
iraq,xeniavanza,Islamic State Regroups in Parts of Iraq https://t.co/1gmHkWmmBo,Tue May 02 10:08:15 +0000 2017
iraq,Tids_tweet,House packed with families became death trap in Iraq's Mosul https://t.co/JHkp8giulU https://t.co/UpnGqnYuTF,Tue May 02 10:08:14 +0000 2017
iraq,schlemiehl,RT @motherboard: The largest consumer drone company is creating no-fly zones to try and stop ISIS from using its products https://t.co/qIJ0‚Ä¶,Tue May 02 10:08:13 +0000 2017
iraq,d_tower1,RT @AFP: #BREAKING IS attack kills 24 by Syria refugee camp on Iraq border: monitor,Tue May 02 10:08:12 +0000 2017
iraq,MariaSarsalari,RT @AFP: #BREAKING IS attack kills 24 by Syria refugee camp on Iraq border: monitor,Tue May 02 10:08:10 +0000 2017
iraq,FredrikBjorkman,RT @AFP: #BREAKING IS attack kills 24 by Syria refugee camp on Iraq border: monitor,Tue May 02 10:08:03 +0000 2017
iraq,ChilcotBot,in the Paris Club and concerned over the US‚Äôs lack of control over the process; a poor outcome could leave Iraq with an unsustainable,Tue May 02 10:08:03 +0000 2017
iraq,CocoJambo96,"RT @TopSocialArtist: @.BTS_twt votes using #BTSBBMAs Middle East
Turkey: 245,399
Saudi Arabia: 19,085
UAE: 18,282
Iran: 8,888
Iraq: 5,435
(‚Ä¶",Tue May 02 10:07:56 +0000 2017
iraq,Theories4change,"RT @iraqi_day: The political chaos continues to grow in #KRG.
Governor of Sulaymaniyah north #Iraq Sardar Qadr announced his resignation fr‚Ä¶",Tue May 02 10:07:52 +0000 2017
iraq,FarzadForPeace,"RT @MeettheNews: OPEC deal backfires: Saudis lose market share to Iran, Iraq
  https://t.co/k9icLuMZYz",Tue May 02 10:07:49 +0000 2017
iraq,liberalfish,RT @AFP: #BREAKING IS attack kills 24 by Syria refugee camp on Iraq border: monitor,Tue May 02 10:07:49 +0000 2017
iraq,dzmadia,RT @AFP: #BREAKING IS attack kills 24 by Syria refugee camp on Iraq border: monitor,Tue May 02 10:07:44 +0000 2017
iraq,f21185cv,RT @worldonalert: #Mosul: #ISIS has killed an #Iraq|i Major of the Emergency Response Brigade in Western #Mosul. https://t.co/g1dlbzKCUd,Tue May 02 10:07:43 +0000 2017
iraq,poezzle,RT @AFP: #BREAKING IS attack kills 24 by Syria refugee camp on Iraq border: monitor,Tue May 02 10:07:41 +0000 2017
iraq,meiyinkun5,RT @worldonalert: #Mosul: #ISIS has killed an #Iraq|i Major of the Emergency Response Brigade in Western #Mosul. https://t.co/g1dlbzKCUd,Tue May 02 10:07:39 +0000 2017
iraq,red_ronald1949,"RT @TheArabSource: #US Coalition admits killing at least 352 civilians in #Syria, #Iraq this month https://t.co/G4fpOPDgAQ",Tue May 02 10:07:36 +0000 2017
iraq,DrJavariaPHTF,"RT @ala_sattar: In #Iraq, in the book market, books remain in the street at night because Iraqis say: the reader does not steal and the thi‚Ä¶",Tue May 02 10:07:33 +0000 2017
iraq,NonVitalTooth,"RT @chris1reuters: U.S. #WTI crude #oil net longs likely cut again last week, next @CFTC data will show, says @ING 
#Brent #OPEC #OOTT #sha‚Ä¶",Tue May 02 10:07:31 +0000 2017
iraq,Sahar_Naz,RT @AFP: #BREAKING IS attack kills 24 by Syria refugee camp on Iraq border: monitor,Tue May 02 10:07:31 +0000 2017
iraq,SRajashekar13,RT @VOANews: Islamic State Regroups in Parts of Iraq https://t.co/xtd0wPOcWL https://t.co/80puSVJXVK,Tue May 02 10:07:28 +0000 2017
iraq,airibar,RT @AFP: #BREAKING IS attack kills 24 by Syria refugee camp on Iraq border: monitor,Tue May 02 10:07:27 +0000 2017
iraq,p0kN1k,RT @AFP: #BREAKING IS attack kills 24 by Syria refugee camp on Iraq border: monitor,Tue May 02 10:07:25 +0000 2017
iraq,PXYLCmfxObhBTgK,"RT @votevets: ‚ÄúNeither we, nor war, are entertainment for Ross and his rich friends at Mar-a-Lago.‚Äù - Iraq vet and https://t.co/VjODwtnQOh‚Ä¶",Tue May 02 10:07:13 +0000 2017
iraq,EmisorAtlantico,RT @AFP: #BREAKING IS attack kills 24 by Syria refugee camp on Iraq border: monitor,Tue May 02 10:07:12 +0000 2017
iraq,MiddleEastView,Group Of 36 Yazidis Rescued From IS In Iraq - RadioFreeEurope/RadioLiberty https://t.co/p2swkuAXXh,Tue May 02 10:07:09 +0000 2017
iraq,AFP,#BREAKING IS attack kills 24 by Syria refugee camp on Iraq border: monitor,Tue May 02 10:07:06 +0000 2017
iraq,stevebrookstein,A war zone? Fireworks.  Look at Syria.  Look at Gaza. Look at Iraq. Get your head out your arse. Far right propagan‚Ä¶ https://t.co/q8sdEAgZ9x,Tue May 02 10:07:05 +0000 2017
iraq,eatmoreart,RT @VOANews: Islamic State Regroups in Parts of Iraq https://t.co/xtd0wPOcWL https://t.co/80puSVJXVK,Tue May 02 10:07:03 +0000 2017
iraq,wicked_nikita,"RT @wicked_nikita: @wikileaks @CIA @SLindauer2011 @FBI @RealMikePompeo .@USAGSessions arrest Bush Cheney Rumsfeld, 3x knew 9/11 in April 20‚Ä¶",Tue May 02 10:06:58 +0000 2017
iraq,worldonalert,#Mosul: #ISIS has killed an #Iraq|i Major of the Emergency Response Brigade in Western #Mosul. https://t.co/g1dlbzKCUd,Tue May 02 10:06:52 +0000 2017
iraq,sicodaddy,"RT @MaherChmaytelli: Mosul  generation feared lost as tens of thousands orphaned, made homeless @aaboulenein https://t.co/KHoL4ixEGm via @R‚Ä¶",Tue May 02 10:06:51 +0000 2017
iraq,ArmyPower2,"RT @TopSocialArtist: @.BTS_twt votes using #BTSBBMAs Middle East
Turkey: 245,399
Saudi Arabia: 19,085
UAE: 18,282
Iran: 8,888
Iraq: 5,435
(‚Ä¶",Tue May 02 10:06:47 +0000 2017
iraq,RaquelZ78,"RT @NathanDWilsonFL: Rest easy, Weston Lee, LT 82nd Airborne KIA Saturday in IED blast near Mosul, Iraq. To his dearest family May God comf‚Ä¶",Tue May 02 10:06:45 +0000 2017
iraq,sideshow_evan,RT @MiIitaryUSA: 1st Lieutenant 82nd airborne Divison. Weston C. Lee KIA 04/29/17 when an IED detonated while on patrol near Mosul Iraq. R.‚Ä¶,Tue May 02 10:06:42 +0000 2017
iraq,wicked_nikita,"RT @wicked_nikita: @wikileaks @CIA @SLindauer2011 @FBI .@realMikePompeo &amp; #Comey, watch above. Your agencies have 9/11 victims' blood on ya‚Ä¶",Tue May 02 10:06:38 +0000 2017
iraq,RohanV,RT @sharmasupriya: Sadly in India we can't place Mosul on the map (it's in Iraq not Syria) but just outside the city I bought this packet o‚Ä¶,Tue May 02 10:06:38 +0000 2017
iraq,EwaldVincent,"RT @ala_sattar: In #Iraq, in the book market, books remain in the street at night because Iraqis say: the reader does not steal and the thi‚Ä¶",Tue May 02 10:06:32 +0000 2017
iraq,pkellar,@TheRickyDavila @NancySinatra Didn't we know about the War in Iraq 16 years before it happened?  This fool is beyond being an idiot.,Tue May 02 10:06:26 +0000 2017
iraq,alexgen0359,RT @VOANews: Islamic State Regroups in Parts of Iraq https://t.co/xtd0wPOcWL https://t.co/80puSVJXVK,Tue May 02 10:06:23 +0000 2017
iraq,raphaelptw,RT @AFP: #BREAKING IS ambush in western Iraq kills 10 soldiers: officers,Tue May 02 10:06:22 +0000 2017
iraq,DineyMonteiroE,"RT @RiseUp75: many people are unaware. That's a big problem.

#Yinon plan - The Zionist Plan for the #MiddleEast
https://t.co/wkm4ZHah6Y

#‚Ä¶",Tue May 02 10:06:21 +0000 2017
iraq,kwilli1046,RT @kwilli1046: 25-year-old Lt. Weston Lee killed by IED in Iraq on Saturday https://t.co/EzmA0jY96s,Tue May 02 10:06:18 +0000 2017
iraq,SyirausBot,RT @motherboard: The largest consumer drone company is creating no-fly zones to try and stop ISIS from using its products https://t.co/qIJ0‚Ä¶,Tue May 02 10:06:15 +0000 2017
iraq,NeilKAggarwal,RT @AymanM: Remember this?? When President Bush declared the Iraq War mission accomplished? Unfortunately US troops are still dying in #Ira‚Ä¶,Tue May 02 10:06:13 +0000 2017
iraq,sarahmullen99,RT @MiIitaryUSA: 1st Lieutenant 82nd airborne Divison. Weston C. Lee KIA 04/29/17 when an IED detonated while on patrol near Mosul Iraq. R.‚Ä¶,Tue May 02 10:06:11 +0000 2017
iraq,jungrat218,"RT @TopSocialArtist: @.BTS_twt votes using #BTSBBMAs Middle East
Turkey: 245,399
Saudi Arabia: 19,085
UAE: 18,282
Iran: 8,888
Iraq: 5,435
(‚Ä¶",Tue May 02 10:06:07 +0000 2017
iraq,ArpitaShajil,"RT @TopSocialArtist: @.BTS_twt votes using #BTSBBMAs Middle East
Turkey: 245,399
Saudi Arabia: 19,085
UAE: 18,282
Iran: 8,888
Iraq: 5,435
(‚Ä¶",Tue May 02 10:05:58 +0000 2017
iraq,ABBAhuzoor,"RT @ahmedalifayyaz: Before Erdogan only two world leaders had, long back, said something soothing for the Kashmiris: Qaddafi of Libya &amp; Sad‚Ä¶",Tue May 02 10:05:58 +0000 2017
iraq,eatmoreart,RT @motherboard: The largest consumer drone company is creating no-fly zones to try and stop ISIS from using its products https://t.co/qIJ0‚Ä¶,Tue May 02 10:05:56 +0000 2017
iraq,ZssZ6f,RT @abd_alhassan: Jewish life in Iraq in 1925 https://t.co/tihdbmu2FI,Tue May 02 10:05:55 +0000 2017
iraq,burntfort,House packed with families became death trap in Iraq's Mosul (from @AP) https://t.co/yMFfOMzxtZ,Tue May 02 10:05:52 +0000 2017
iraq,abuwhitey,"RT @ala_sattar: In #Iraq, in the book market, books remain in the street at night because Iraqis say: the reader does not steal and the thi‚Ä¶",Tue May 02 10:05:51 +0000 2017
iraq,lustyjustice,RT @MuslimIQ: Iraq War https://t.co/ogg5kfKDhv,Tue May 02 10:05:49 +0000 2017
iraq,Danielplas,"RT @ala_sattar: In #Iraq, in the book market, books remain in the street at night because Iraqis say: the reader does not steal and the thi‚Ä¶",Tue May 02 10:05:47 +0000 2017
iraq,halrais_,RT @MuslimIQ: Iraq War https://t.co/ogg5kfKDhv,Tue May 02 10:05:43 +0000 2017
iraq,TWilde91,"RT @ala_sattar: In #Iraq, in the book market, books remain in the street at night because Iraqis say: the reader does not steal and the thi‚Ä¶",Tue May 02 10:05:33 +0000 2017
iraq,Neulbom__0613,"RT @TopSocialArtist: @.BTS_twt votes using #BTSBBMAs Middle East
Turkey: 245,399
Saudi Arabia: 19,085
UAE: 18,282
Iran: 8,888
Iraq: 5,435
(‚Ä¶",Tue May 02 10:05:33 +0000 2017
iraq,David_Terrer,"RT @ala_sattar: In #Iraq, in the book market, books remain in the street at night because Iraqis say: the reader does not steal and the thi‚Ä¶",Tue May 02 10:05:17 +0000 2017
iraq,champagne3_,"RT @TopSocialArtist: @.BTS_twt votes using #BTSBBMAs Middle East
Turkey: 245,399
Saudi Arabia: 19,085
UAE: 18,282
Iran: 8,888
Iraq: 5,435
(‚Ä¶",Tue May 02 10:05:13 +0000 2017
iraq,smithers_bot,@mr_burns_bot They're fighting like Iran and Iraq!,Tue May 02 10:05:10 +0000 2017
iraq,michaelbranniga,RT @MiddleEastMnt: #Iraq state gas firm official shot dead in #Kirkuk city | https://t.co/GgovUifQDD https://t.co/7jD1TVS3XX,Tue May 02 10:05:08 +0000 2017
iraq,iraqi_day,"The political chaos continues to grow in #KRG.
Governor of Sulaymaniyah north #Iraq Sardar Qadr announced his resig‚Ä¶ https://t.co/NoS24ZzbEN",Tue May 02 10:05:06 +0000 2017
iraq,ENTORNOi,"INGLES: OPEC deal backfires: Saudis lose market share to Iran, Iraq https://t.co/0WwKsI4y6H @entornoi",Tue May 02 10:05:03 +0000 2017
iraq,antoniosanudo,"RT @ala_sattar: In #Iraq, in the book market, books remain in the street at night because Iraqis say: the reader does not steal and the thi‚Ä¶",Tue May 02 10:04:59 +0000 2017
iraq,CorbettCornell2,"RT @ala_sattar: In #Iraq, in the book market, books remain in the street at night because Iraqis say: the reader does not steal and the thi‚Ä¶",Tue May 02 10:04:56 +0000 2017
iraq,emma_bermudez,"RT @ala_sattar: In #Iraq, in the book market, books remain in the street at night because Iraqis say: the reader does not steal and the thi‚Ä¶",Tue May 02 10:04:50 +0000 2017
iraq,Sarkaw3,RT @heminhawrami: In London. Will be shortly at @ecfr to talk about the future of Kurdistan &amp; its relation with Iraq &amp; process of Referendu‚Ä¶,Tue May 02 10:04:50 +0000 2017
iraq,buluhan_magembe,"RT @RT_com: #OPEC deal backfires: Saudis lose market share to Iran, Iraq https://t.co/hXoQ0LiB3v",Tue May 02 10:04:47 +0000 2017
iraq,GeeMAn_0821,RT @AFP: #BREAKING IS ambush in western Iraq kills 10 soldiers: officers,Tue May 02 10:04:40 +0000 2017
iraq,luscious_mind,@thewarjournal Iran meddling in Iraq,Tue May 02 10:04:39 +0000 2017
iraq,tmlivy56,"RT @NathanDWilsonFL: Rest easy, Weston Lee, LT 82nd Airborne KIA Saturday in IED blast near Mosul, Iraq. To his dearest family May God comf‚Ä¶",Tue May 02 10:04:36 +0000 2017
iraq,xBURN,RT @motherboard: The largest consumer drone company is creating no-fly zones to try and stop ISIS from using its products https://t.co/qIJ0‚Ä¶,Tue May 02 10:04:34 +0000 2017
iraq,TeoPenarroja,"RT @ala_sattar: In #Iraq, in the book market, books remain in the street at night because Iraqis say: the reader does not steal and the thi‚Ä¶",Tue May 02 10:04:29 +0000 2017
iraq,iris_nadee,"RT @Discover_MENA: Beautiful Islamic architecture inside the shrine of Al-Abbas ibn Ali in Karbala, IraqüáÆüá∂ https://t.co/mSkJQQ820y",Tue May 02 10:04:27 +0000 2017
iraq,RParliament,RT @MiIitaryUSA: 1st Lieutenant 82nd airborne Divison. Weston C. Lee KIA 04/29/17 when an IED detonated while on patrol near Mosul Iraq. R.‚Ä¶,Tue May 02 10:04:18 +0000 2017
iraq,JodyField,+https://t.co/7y5efwlmbc Islamic State Regroups in Parts of Iraq https://t.co/rZWAhof618 #news https://t.co/rl2bgh9Cwi,Tue May 02 10:04:17 +0000 2017
iraq,globnewsen,Iraq: Iraq Education Cluster - Baghdad Education Cluster IDP Dashboard - March 2017 https://t.co/TC5pNrEfQl,Tue May 02 10:04:14 +0000 2017
iraq,motherboard,The largest consumer drone company is creating no-fly zones to try and stop ISIS from using its products‚Ä¶ https://t.co/pngKi6VSdk,Tue May 02 10:04:12 +0000 2017
iraq,globnewsen,"Iraq: Mosul - mVAM Iraq: Emergency Update #6, March 2017 https://t.co/skwE5s7r3n",Tue May 02 10:04:06 +0000 2017
iraq,Voiceof9jathugs,10 soldiers killed in ISIL attack in W. Iraq https://t.co/bEynECQ6kE,Tue May 02 10:03:56 +0000 2017
iraq,skroteu,RT @georgegalloway: If elected to Parliament on June 8 #GE2017 #ManchesterGorton I will pursue the trial conviction and incarceration of To‚Ä¶,Tue May 02 10:03:22 +0000 2017
iraq,OneI_twt,"RT @TopSocialArtist: @.BTS_twt votes using #BTSBBMAs Middle East
Turkey: 245,399
Saudi Arabia: 19,085
UAE: 18,282
Iran: 8,888
Iraq: 5,435
(‚Ä¶",Tue May 02 10:03:19 +0000 2017
iraq,Sarkaw3,"RT @heminhawrami: At @ecfr ,presented our views on post ISIS Iraq, referendum &amp; independence process in panel w/ @RanjAlaaldin @guneyyildiz‚Ä¶",Tue May 02 10:03:14 +0000 2017
iraq,kkochiqis,"RT @TopSocialArtist: @.BTS_twt votes using #BTSBBMAs Middle East
Turkey: 245,399
Saudi Arabia: 19,085
UAE: 18,282
Iran: 8,888
Iraq: 5,435
(‚Ä¶",Tue May 02 10:03:11 +0000 2017
iraq,qmCrR3Pwz9ZvUVj,"RT @AJEnglish: How private companies recruit former child soldiers for military operations in Iraq, Afghanistan and elsewhere https://t.co/‚Ä¶",Tue May 02 10:03:07 +0000 2017
iraq,_Aiua,"RT @ala_sattar: In #Iraq, in the book market, books remain in the street at night because Iraqis say: the reader does not steal and the thi‚Ä¶",Tue May 02 10:03:03 +0000 2017
iraq,tradewielhorski,RT @VOANews: Islamic State Regroups in Parts of Iraq https://t.co/xtd0wPOcWL https://t.co/80puSVJXVK,Tue May 02 10:02:56 +0000 2017
iraq,FaNadd_,"RT @TopSocialArtist: @.BTS_twt votes using #BTSBBMAs Middle East
Turkey: 245,399
Saudi Arabia: 19,085
UAE: 18,282
Iran: 8,888
Iraq: 5,435
(‚Ä¶",Tue May 02 10:02:48 +0000 2017
iraq,p_vanostaeyen,"RT @ala_sattar: In #Iraq, in the book market, books remain in the street at night because Iraqis say: the reader does not steal and the thi‚Ä¶",Tue May 02 10:02:41 +0000 2017
iraq,ztvghanaonline,Islamic State Regroups in Parts of Iraq https://t.co/nvebpZm3We https://t.co/rq6a33u9s9,Tue May 02 10:02:40 +0000 2017
iraq,worldsitenews,"IS behind Mosul civilian deaths, not US airstrike:¬†Iraq https://t.co/grQPChCinL https://t.co/9zUWekK4tD",Tue May 02 10:02:37 +0000 2017
iraq,DZIsaak,RT @LADale80: @KSBOEN1 @habibito1022 @LeahGrow1 @wishcoat @War0nMorons @tendayyi @hyattnothotel @SarahD_skittles @REV_20_10 @realLodi @14_5‚Ä¶,Tue May 02 10:02:35 +0000 2017
iraq,Siddharthjrs,"IS behind Mosul civilian deaths, not US airstrike:¬†Iraq https://t.co/gaDh5LNrWB https://t.co/HvFqzBtC2A",Tue May 02 10:02:34 +0000 2017
iraq,john_bunger,"RT @RT_com: #OPEC deal backfires: Saudis lose market share to Iran, Iraq https://t.co/hXoQ0LiB3v",Tue May 02 10:02:32 +0000 2017
iraq,Luso_Boy,RT @BlogsofWar: Islamic State Regroups in Parts of Iraq https://t.co/uVU9jlX14j,Tue May 02 10:02:30 +0000 2017
iraq,Slarty247,RT @NicholasTyrone: Why the way the Left has destroyed itself over the past few years reminds me ironically of the Iraq invasion: https://t‚Ä¶,Tue May 02 10:02:30 +0000 2017
iraq,airplusl,"RT @TopSocialArtist: @.BTS_twt votes using #BTSBBMAs Middle East
Turkey: 245,399
Saudi Arabia: 19,085
UAE: 18,282
Iran: 8,888
Iraq: 5,435
(‚Ä¶",Tue May 02 10:02:30 +0000 2017
iraq,RobertMouton4,"RT @TodayRussia: OPEC deal backfires: Saudis lose market share to Iran, Iraq https://t.co/tlrNrIfM2W https://t.co/SCXbQVlMoq",Tue May 02 10:02:29 +0000 2017
iraq,bl8ant,RT @BlogsofWar: Islamic State Regroups in Parts of Iraq https://t.co/uVU9jlX14j,Tue May 02 10:02:25 +0000 2017
iraq,DeMelSu,"RT @ArmyBrigade13: Votes #BTSBBMAs Middle East
Turkey: 245,399
Saudi Arabia: 19,085
UAE: 18,282
Iran: 8,888
Iraq: 5,435
Egypt: 23,155
Cr. @‚Ä¶",Tue May 02 10:02:23 +0000 2017
iraq,_soon_yi,"RT @TopSocialArtist: @.BTS_twt votes using #BTSBBMAs Middle East
Turkey: 245,399
Saudi Arabia: 19,085
UAE: 18,282
Iran: 8,888
Iraq: 5,435
(‚Ä¶",Tue May 02 10:02:20 +0000 2017
iraq,RiseUp75,"many people are unaware. That's a big problem.

#Yinon plan - The Zionist Plan for the #MiddleEast
https://t.co/wkm4ZHah6Y

#Syria #Iraq etc",Tue May 02 10:02:19 +0000 2017
iraq,MeettheNews,"OPEC deal backfires: Saudis lose market share to Iran, Iraq
  https://t.co/k9icLuMZYz",Tue May 02 10:02:18 +0000 2017
iraq,IRAN____,DM: Iran's Capacity for Manufacturing Combat Arms 100 Folded https://t.co/OgqBuMWYzq #Iran #Iraq #Syria,Tue May 02 10:02:10 +0000 2017
iraq,IRAN____,"Official: Iran, Japan Ink MoU to Control Air Pollution https://t.co/dSDE99H8Sd #Iran #Iraq #Syria",Tue May 02 10:02:09 +0000 2017
iraq,IRAN____,Spokesman: Iran Seeking Peaceful Ties with Neighboring States https://t.co/oaISAYX89K #Iran #Iraq #Syria,Tue May 02 10:02:08 +0000 2017
iraq,IRAN____,Armenia Calls for Broadening of Trade Ties with Iran https://t.co/6l1vfNYpbW #Iran #Iraq #Syria,Tue May 02 10:02:08 +0000 2017
iraq,IRAN____,Iran: US Disloyalty Blocking Banking Interactions in Post-JCPOA Era https://t.co/OOBQZl0MF9 #Iran #Iraq #Syria,Tue May 02 10:02:07 +0000 2017
iraq,IRAN____,Navy Commander: Iran Able to Maintain Regional Security Without Trans-Regional Powers' Presence https://t.co/O6ilN0MESO #Iran #Iraq #Syria,Tue May 02 10:02:06 +0000 2017
iraq,pbmci,RT @TonyCartalucci: Surreal: Americans label foreign leaders psychopaths after 16ys of mass murder under Bush/Obama in #Iraq #Libya #Syria‚Ä¶,Tue May 02 10:02:06 +0000 2017
iraq,IRAN____,"Top Iranian, Syrian Armed Forces' Commanders Discuss Syria's Military Developments https://t.co/swXK5JFwND #Iran #Iraq #Syria",Tue May 02 10:02:05 +0000 2017
iraq,AsKeidaniash,"RT @TopSocialArtist: @.BTS_twt votes using #BTSBBMAs Middle East
Turkey: 245,399
Saudi Arabia: 19,085
UAE: 18,282
Iran: 8,888
Iraq: 5,435
(‚Ä¶",Tue May 02 10:02:04 +0000 2017
iraq,esglele,"RT @TopSocialArtist: @.BTS_twt votes using #BTSBBMAs Middle East
Turkey: 245,399
Saudi Arabia: 19,085
UAE: 18,282
Iran: 8,888
Iraq: 5,435
(‚Ä¶",Tue May 02 10:02:04 +0000 2017
iraq,realgrace_kelly,"RT @NathanDWilsonFL: Rest easy, Weston Lee, LT 82nd Airborne KIA Saturday in IED blast near Mosul, Iraq. To his dearest family May God comf‚Ä¶",Tue May 02 10:02:03 +0000 2017
iraq,jybez50,"RT @AJEnglish: How private companies recruit former child soldiers for military operations in Iraq, Afghanistan and elsewhere https://t.co/‚Ä¶",Tue May 02 10:02:03 +0000 2017
iraq,Scolma,"RT @ala_sattar: In #Iraq, in the book market, books remain in the street at night because Iraqis say: the reader does not steal and the thi‚Ä¶",Tue May 02 10:02:00 +0000 2017
iraq,wondelusional,"RT @TopSocialArtist: @.BTS_twt votes using #BTSBBMAs Middle East
Turkey: 245,399
Saudi Arabia: 19,085
UAE: 18,282
Iran: 8,888
Iraq: 5,435
(‚Ä¶",Tue May 02 10:02:00 +0000 2017
iraq,king_darran,@KnowYourLeaker @T0nyBlair baby killer War in Iraq 1000 followers on his Twitter Account #labour tell's him to Fuck‚Ä¶ https://t.co/ukx0TV22yk,Tue May 02 10:01:55 +0000 2017
iraq,hasan_ARS93,"RT @Nooruldeen89: An #Iraqi federal police's sniper gets a back up from a colleague that may cost him his life.

#Iraq
#MosulOps
#Mosul htt‚Ä¶",Tue May 02 10:01:51 +0000 2017
iraq,staunovo,"RT @Rania_ElGamal: #Iraq's SOMO, #Russia's Litasco set up crude oil trade firm in Dubai - sources #OOTT",Tue May 02 10:01:49 +0000 2017
iraq,Sadafie_Nochu,"RT @TopSocialArtist: @.BTS_twt votes using #BTSBBMAs Middle East
Turkey: 245,399
Saudi Arabia: 19,085
UAE: 18,282
Iran: 8,888
Iraq: 5,435
(‚Ä¶",Tue May 02 10:01:49 +0000 2017
iraq,BlogsofWar,Islamic State Regroups in Parts of Iraq https://t.co/uVU9jlX14j,Tue May 02 10:01:43 +0000 2017
iraq,xdenisseaguirre,"RT @TopSocialArtist: @.BTS_twt votes using #BTSBBMAs Middle East
Turkey: 245,399
Saudi Arabia: 19,085
UAE: 18,282
Iran: 8,888
Iraq: 5,435
(‚Ä¶",Tue May 02 10:01:41 +0000 2017
iraq,AnonKoshur,"RT @ahmedalifayyaz: Before Erdogan only two world leaders had, long back, said something soothing for the Kashmiris: Qaddafi of Libya &amp; Sad‚Ä¶",Tue May 02 10:01:37 +0000 2017
iraq,harrywall64,"RT @LBC: Tony Blair says it's hard to be hated. ""Tell that to the relatives of the 179 British servicemen who died in Iraq‚Äù https://t.co/wg‚Ä¶",Tue May 02 10:01:36 +0000 2017
iraq,robarligs,"RT @ala_sattar: In #Iraq, in the book market, books remain in the street at night because Iraqis say: the reader does not steal and the thi‚Ä¶",Tue May 02 10:01:34 +0000 2017
iraq,iMistha,"RT @TopSocialArtist: @.BTS_twt votes using #BTSBBMAs Middle East
Turkey: 245,399
Saudi Arabia: 19,085
UAE: 18,282
Iran: 8,888
Iraq: 5,435
(‚Ä¶",Tue May 02 10:01:32 +0000 2017
iraq,Kevlaur87,"RT @TerranceCreamer: R.I.P USMC LCpl. Johnathan E. Kirk, 25 of Belhaven, North Carolina, KIA (May 1, 2007) in Al Anbar Province, Iraq! http‚Ä¶",Tue May 02 10:01:32 +0000 2017
iraq,strategicpolicy,RT @TerrorEvents: #Iraq #TalAfar - #IS member in charge of main defense line killed by sniper - https://t.co/1F1dvdGb1w,Tue May 02 10:01:24 +0000 2017
iraq,amyrightside,Tony Blair rubbishes claims he hid decision to go to war in Iraq from his own #TonyBlair https://t.co/Iji60PovTO #tonyblair,Tue May 02 10:01:21 +0000 2017
iraq,ALexdarwin,RT @Ian56789: Who is arming the Jihadis in Syria and Iraq? https://t.co/A8oHhrDMoY https://t.co/7gtUXiqw7s,Tue May 02 10:01:14 +0000 2017
iraq,VOANews,Islamic State Regroups in Parts of Iraq https://t.co/xtd0wPOcWL https://t.co/80puSVJXVK,Tue May 02 10:01:11 +0000 2017
iraq,heggiejohn,"RT @NathanDWilsonFL: Rest easy, Weston Lee, LT 82nd Airborne KIA Saturday in IED blast near Mosul, Iraq. To his dearest family May God comf‚Ä¶",Tue May 02 10:01:09 +0000 2017
iraq,bat_dul,"#OPEC deal backfires: Saudis lose market share to Iran, Iraq https://t.co/ed3u9ZmhE5 by #RT_com via @c0nvey",Tue May 02 10:01:09 +0000 2017
iraq,atDoe,"RT @airwars: Once again, UN mission in Iraq makes no mention of civilians killed by Coalition or Iraqi forces (though rightly highlights IS‚Ä¶",Tue May 02 10:01:07 +0000 2017
iraq,syamfine2,RT @guardianscience: The Past and the Curious | In the field with Iraq's archaeologists of the future https://t.co/qzePy43v8d #Archaeology‚Ä¶,Tue May 02 10:01:04 +0000 2017
iraq,Twelibi,"2nd time I feel ""France may well betray what it has achieved."" (sic)
Not 1st.2002.
 I voted for #Chirac said NO to‚Ä¶ https://t.co/oxn6ONIehA",Tue May 02 10:00:59 +0000 2017
iraq,gazmurph,"RT @georgegalloway: How does a man who killed a million people, set the world on üî•, begat ISIS, get to make ""a comeback"" when he should be‚Ä¶",Tue May 02 10:00:58 +0000 2017
iraq,DavidMitchell68,RT @SoniaKatiMota: U.S. Repeating Same War Crime In #Syria That Starved 500K Children To Death In #Iraq https://t.co/wvZQoKDqRn,Tue May 02 10:00:48 +0000 2017
iraq,StacyMichelleB,"RT @votevets: ‚ÄúNeither we, nor war, are entertainment for Ross and his rich friends at Mar-a-Lago.‚Äù - Iraq vet and https://t.co/VjODwtnQOh‚Ä¶",Tue May 02 10:00:45 +0000 2017
iraq,a_weatherhead2,RT @guardianscience: The Past and the Curious | In the field with Iraq's archaeologists of the future https://t.co/qzePy43v8d #Archaeology‚Ä¶,Tue May 02 10:00:39 +0000 2017
iraq,ShiaTerrorWatch,Eye witnesses from #Mosul reject US claim. US is shifting blame for its own war crimes and collateral murder. #Iraq https://t.co/cuDFRYWVH4,Tue May 02 10:00:28 +0000 2017
iraq,Dr_Duraibi,"RT @borealissaves: IS kills 10 Iraqi soldiers, wounds 6 in Anbar province https://t.co/i9Uy0dmybK",Tue May 02 10:00:21 +0000 2017
iraq,GREENGLOWUAE,Green Glow Quality Irrigation For More Details Call:+971551416608 #irrigation #Agriculture #iraq https://t.co/z8lD1h91Ph,Tue May 02 10:00:17 +0000 2017
iraq,ahmedalifayyaz,"Before Erdogan only two world leaders had, long back, said something soothing for the Kashmiris: Qaddafi of Libya &amp; Saddam of Iraq. Both RIP",Tue May 02 10:00:13 +0000 2017
iraq,lmona11,"@CNN @jdickerson Belgium is a beautiful city...., 
look what they are doing in Sweden...,
Fired 59 rockets in the d‚Ä¶ https://t.co/JrzVfXzkOI",Tue May 02 10:00:04 +0000 2017
iraq,Mitch_John573,RT @SEALofHonor: Honoring Army Spc. Trevor A. Win‚ÄôE who selflessly sacrificed his life thirteen years ago today in Iraq for our... https://‚Ä¶,Tue May 02 10:00:03 +0000 2017
iraq,from_UGND,"RT @chris1reuters: U.S. #WTI crude #oil net longs likely cut again last week, next @CFTC data will show, says @ING 
#Brent #OPEC #OOTT #sha‚Ä¶",Tue May 02 09:59:58 +0000 2017
iraq,RetaMelkisetian,This American Soldier Died In Iraq On A Mission Fighting ISIS - BuzzFeed News So young and so much life to live  https://t.co/MZtT4svyw7,Tue May 02 09:59:51 +0000 2017
iraq,GabAirServices,RT @d0tslash: CNN journalist evades @DJIEnterprise GEO restrictions in Iraq via @sUASnews  https://t.co/2qIVgSujr4,Tue May 02 09:59:46 +0000 2017
iraq,gunno10,"RT @TopSocialArtist: @.BTS_twt votes using #BTSBBMAs Middle East
Turkey: 245,399
Saudi Arabia: 19,085
UAE: 18,282
Iran: 8,888
Iraq: 5,435
(‚Ä¶",Tue May 02 09:59:41 +0000 2017
iraq,OG5IaY4teDuFFDJ,"RT @ala_sattar: In #Iraq, in the book market, books remain in the street at night because Iraqis say: the reader does not steal and the thi‚Ä¶",Tue May 02 09:59:34 +0000 2017
iraq,Kaimook_KMp,"RT @TopSocialArtist: @.BTS_twt votes using #BTSBBMAs Middle East
Turkey: 245,399
Saudi Arabia: 19,085
UAE: 18,282
Iran: 8,888
Iraq: 5,435
(‚Ä¶",Tue May 02 09:59:33 +0000 2017
iraq,sarinafa,"RT @ala_sattar: In #Iraq, in the book market, books remain in the street at night because Iraqis say: the reader does not steal and the thi‚Ä¶",Tue May 02 09:59:32 +0000 2017
iraq,justicendpeace,"#ISIIS to replace #ISIS in #Mosul 
Islamic State of #Iran #Iraq &amp; #Syria is more dangerous. FAO @POTUS @StateDept
https://t.co/8BotXy4uzW",Tue May 02 09:59:31 +0000 2017
iraq,Don1JC,"US soldier killed in Iraq during a patrol outside Mosul.
 1st Lt. Weston C. Lee may you RIP, prays 4 his family.üôèüèºüá∫üá∏ https://t.co/JHIykvH6ah",Tue May 02 09:59:25 +0000 2017
iraq,koyesinjiki,"RT @heminhawrami: At @ecfr ,presented our views on post ISIS Iraq, referendum &amp; independence process in panel w/ @RanjAlaaldin @guneyyildiz‚Ä¶",Tue May 02 09:59:18 +0000 2017
iraq,HDawg14,"RT @iraqi_day: #BREAKING
#iraq Army repelled a massive #ISIS attack on Army compound in Rutbah west #Anbar, soldiers were outnumbered but s‚Ä¶",Tue May 02 09:59:16 +0000 2017
iraq,skytangoteam,RT @d0tslash: CNN journalist evades @DJIEnterprise GEO restrictions in Iraq via @sUASnews  https://t.co/2qIVgSujr4,Tue May 02 09:59:16 +0000 2017
iraq,PoulePoulpe,"RT @Discover_MENA: Beautiful Islamic architecture inside the shrine of Al-Abbas ibn Ali in Karbala, IraqüáÆüá∂ https://t.co/mSkJQQ820y",Tue May 02 09:59:06 +0000 2017
iraq,K_JtaeV,"RT @TopSocialArtist: @.BTS_twt votes using #BTSBBMAs Middle East
Turkey: 245,399
Saudi Arabia: 19,085
UAE: 18,282
Iran: 8,888
Iraq: 5,435
(‚Ä¶",Tue May 02 09:59:00 +0000 2017
iraq,kh_Ibrar82,RT @sharmasupriya: Sadly in India we can't place Mosul on the map (it's in Iraq not Syria) but just outside the city I bought this packet o‚Ä¶,Tue May 02 09:58:58 +0000 2017
iraq,ibrahimacar5334,RT @russian_market: CHANCES FOR OPEC DEAL GETTING SMALLER AFTER RUSSIA'S AND IRAQ'S STATEMENTS - JPM,Tue May 02 09:58:48 +0000 2017
iraq,LukeDCoffey,"RT @ala_sattar: In #Iraq, in the book market, books remain in the street at night because Iraqis say: the reader does not steal and the thi‚Ä¶",Tue May 02 09:58:46 +0000 2017
iraq,dolendi_fw,"RT @CJTFOIR: May 1, #Coalition forces conducted 15 strikes consisting of 38 engagements against #ISIS in Syria &amp; Iraq.

MORE: https://t.co/‚Ä¶",Tue May 02 09:58:45 +0000 2017
iraq,KrishhnBaba,RT @sharmasupriya: Sadly in India we can't place Mosul on the map (it's in Iraq not Syria) but just outside the city I bought this packet o‚Ä¶,Tue May 02 09:58:42 +0000 2017
iraq,PhucyuYu,"RT @ZioPrivilege: Neocohens and their minions think the mistake of the Iraq War was Obama ""losing"" it by withdrawal, instead of invading it‚Ä¶",Tue May 02 09:58:36 +0000 2017
iraq,aptcapital,RT @russian_market: CHANCES FOR OPEC DEAL GETTING SMALLER AFTER RUSSIA'S AND IRAQ'S STATEMENTS - JPM,Tue May 02 09:58:35 +0000 2017
iraq,WMFSLibrary,"RT @ala_sattar: In #Iraq, in the book market, books remain in the street at night because Iraqis say: the reader does not steal and the thi‚Ä¶",Tue May 02 09:58:34 +0000 2017
iraq,kit4combat,Australian military to release regular bombing reports from Iraq and Syria https://t.co/hvwBaANnjm  #combat,Tue May 02 09:58:32 +0000 2017
iraq,russian_market,CHANCES FOR OPEC DEAL GETTING SMALLER AFTER RUSSIA'S AND IRAQ'S STATEMENTS - JPM,Tue May 02 09:58:27 +0000 2017
iraq,TodayRussia,"OPEC deal backfires: Saudis lose market share to Iran, Iraq https://t.co/tlrNrIfM2W https://t.co/SCXbQVlMoq",Tue May 02 09:58:21 +0000 2017
iraq,army_jimga,"RT @TopSocialArtist: @.BTS_twt votes using #BTSBBMAs Middle East
Turkey: 245,399
Saudi Arabia: 19,085
UAE: 18,282
Iran: 8,888
Iraq: 5,435
(‚Ä¶",Tue May 02 09:58:21 +0000 2017
iraq,Kazi_Australia,"‚≠êÔ∏è #News ‚Ä¢ OPEC deal backfires: Saudis lose market share to Iran, Iraq: Since the start of OPEC‚Äôs production cuts,‚Ä¶‚Ä¶ https://t.co/ZuMTqwjw6c",Tue May 02 09:58:18 +0000 2017
iraq,ivan_poskok,"RT @IraqiNews_com: MP: IS killed 25 #Iraqis bound to #refugee #camp in #Syria
https://t.co/nDrepKItOQ",Tue May 02 09:58:17 +0000 2017
iraq,webinsiders,"#RT OPEC deal backfires: Saudis lose market share to Iran, Iraq: Since the start of OPEC‚Äôs production cuts, oil‚Ä¶‚Ä¶ https://t.co/7w6uZCJKdW",Tue May 02 09:58:15 +0000 2017
iraq,Sax_Jabbering,"OPEC deal backfires: Saudis lose market share to Iran, Iraq https://t.co/ngwrzJ2u0W https://t.co/XnWK60WNUN",Tue May 02 09:58:14 +0000 2017
iraq,CliveAltair,"OPEC deal backfires: Saudis lose market share to Iran, Iraq https://t.co/iOkp68otki https://t.co/xxro5WGj5B",Tue May 02 09:58:13 +0000 2017
iraq,oksankaovchinn1,RT @xeni: This is the Taliban dynamiting Buddhas into dust. This is burning the ancient libraries in Iraq. This is our data. https://t.co/1‚Ä¶,Tue May 02 09:58:13 +0000 2017
iraq,shlangu,"RT @crimesofbrits: The 179 British soldiers who died in Iraq are not victims. They were the invaders, occupiers &amp; butchers.",Tue May 02 09:58:11 +0000 2017
iraq,guardianscience,The Past and the Curious | In the field with Iraq's archaeologists of the future https://t.co/qzePy43v8d #Archaeology @britishmuseum,Tue May 02 09:58:10 +0000 2017
iraq,guardiansciblog,The Past and the Curious | In the field with Iraq's archaeologists of the future https://t.co/88dH0JjJHo #Archaeology @britishmuseum,Tue May 02 09:58:10 +0000 2017
iraq,fongfahhDD,"RT @TopSocialArtist: @.BTS_twt votes using #BTSBBMAs Middle East
Turkey: 245,399
Saudi Arabia: 19,085
UAE: 18,282
Iran: 8,888
Iraq: 5,435
(‚Ä¶",Tue May 02 09:58:04 +0000 2017
iraq,ChilcotBot,"Treasury official briefed Mr Brown on progress in securing debt relief for Iraq on 17 November, in advance of a meeting the following day",Tue May 02 09:58:04 +0000 2017
iraq,Papa_AM35,RT @TerrorEvents: #Iraq #TalAfar - #IS member in charge of main defense line killed by sniper - https://t.co/1F1dvdGb1w,Tue May 02 09:57:49 +0000 2017
iraq,kxaxiii,"RT @TopSocialArtist: @.BTS_twt votes using #BTSBBMAs Middle East
Turkey: 245,399
Saudi Arabia: 19,085
UAE: 18,282
Iran: 8,888
Iraq: 5,435
(‚Ä¶",Tue May 02 09:57:41 +0000 2017
iraq,Fahim_Pudding,RT @MuslimIQ: Iraq War https://t.co/ogg5kfKDhv,Tue May 02 09:57:38 +0000 2017
iraq,ModernCortes,But it was reliable when it obliterated Iraq and Libya? What is their definition of reliable? https://t.co/pRGQcruOMH,Tue May 02 09:57:34 +0000 2017
iraq,ValerieTomalin,"RT @ala_sattar: In #Iraq, in the book market, books remain in the street at night because Iraqis say: the reader does not steal and the thi‚Ä¶",Tue May 02 09:57:33 +0000 2017
iraq,MiddleEastMnt,#Iraq state gas firm official shot dead in #Kirkuk city | https://t.co/GgovUifQDD https://t.co/7jD1TVS3XX,Tue May 02 09:57:33 +0000 2017
iraq,josser31,"RT @AJEnglish: How private companies recruit former child soldiers for military operations in Iraq, Afghanistan and elsewhere https://t.co/‚Ä¶",Tue May 02 09:57:32 +0000 2017
iraq,vaibhavmandhar6,"@mirzahyd1 yes #RadicalIslamist,jihadist in Kashmir,Iraq,Syria,pealistaine,Taliban all must be killed.",Tue May 02 09:57:31 +0000 2017
iraq,tdhhumanitarian,"RT @tdh_ch: School is a priority in #Irak. Without school, children of #Mosul feared lost to poverty and conflict. https://t.co/w9uZKC5lud",Tue May 02 09:57:30 +0000 2017
iraq,nikil_faisal,"@ssrajamouli  Dear Sir , This week Baahubali 2 will release in Basrah, Iraq. We are eagerly waiting for that. I couldn't see that in UAE.",Tue May 02 09:57:26 +0000 2017
iraq,AnnieARMY15,"RT @ArmyBrigade13: Votes #BTSBBMAs Middle East
Turkey: 245,399
Saudi Arabia: 19,085
UAE: 18,282
Iran: 8,888
Iraq: 5,435
Egypt: 23,155
Cr. @‚Ä¶",Tue May 02 09:57:25 +0000 2017
iraq,Kirstieyf,RT @likeagirlinc: Dozens of #Yazidis enslaved by #ISIS in Iraq now free https://t.co/ruKep7tzgx,Tue May 02 09:57:22 +0000 2017
iraq,linda_helmick,"RT @TerranceCreamer: R.I.P USMC LCpl. Johnathan E. Kirk, 25 of Belhaven, North Carolina, KIA (May 1, 2007) in Al Anbar Province, Iraq! http‚Ä¶",Tue May 02 09:57:22 +0000 2017
iraq,pcm_de,"RT @jamesdenselow: Toy shops are thriving in eastern Mosul, with Iraqi children once again able to buy dolls https://t.co/eGo1cIYziD",Tue May 02 09:57:18 +0000 2017
iraq,SarahD_skittles,RT @LADale80: @KSBOEN1 @habibito1022 @LeahGrow1 @wishcoat @War0nMorons @tendayyi @hyattnothotel @SarahD_skittles @REV_20_10 @realLodi @14_5‚Ä¶,Tue May 02 09:57:13 +0000 2017
iraq,RAM3NSOUP,"RT @TopSocialArtist: @.BTS_twt votes using #BTSBBMAs Middle East
Turkey: 245,399
Saudi Arabia: 19,085
UAE: 18,282
Iran: 8,888
Iraq: 5,435
(‚Ä¶",Tue May 02 09:57:12 +0000 2017
iraq,Blaiserboy,Islamic State Regroups in Parts of Iraq https://t.co/oBmpK9afA7 #Middle_East https://t.co/1sWwJxb5Il,Tue May 02 09:57:09 +0000 2017
iraq,borealissaves,"IS kills 10 Iraqi soldiers, wounds 6 in Anbar province https://t.co/i9Uy0dmybK",Tue May 02 09:56:59 +0000 2017
iraq,SheilaDecker19,"RT @AJEnglish: How private companies recruit former child soldiers for military operations in Iraq, Afghanistan and elsewhere https://t.co/‚Ä¶",Tue May 02 09:56:55 +0000 2017
iraq,dsarin1,@abdullahmugh1ra @OrlaGuerin @EgyIndependent My point was that they have overpromised and underdelivered for years‚Ä¶ https://t.co/vae5vHLWEQ,Tue May 02 09:56:44 +0000 2017
iraq,Topphnygn,"OPEC deal backfires: Saudis lose market share to Iran, Iraq https://t.co/IHo4zES7Rf",Tue May 02 09:56:41 +0000 2017
iraq,Studio4News,"OPEC deal backfires: Saudis lose market share to Iran, Iraq: Since the start of OPEC‚Äôs production cuts, oil market‚Ä¶ https://t.co/qLO5s6thpw",Tue May 02 09:56:39 +0000 2017
iraq,VictoriaMulgrav,"RT @ala_sattar: In #Iraq, in the book market, books remain in the street at night because Iraqis say: the reader does not steal and the thi‚Ä¶",Tue May 02 09:56:38 +0000 2017
iraq,LADale80,@KSBOEN1 @habibito1022 @LeahGrow1 @wishcoat @War0nMorons @tendayyi @hyattnothotel @SarahD_skittles @REV_20_10‚Ä¶ https://t.co/lq5e8rU3FJ,Tue May 02 09:56:36 +0000 2017
iraq,jones1066AD,"RT @MirrorPolitics: Tony Blair will be remembered for Iraq and personal greed, writes @Kevin_Maguire https://t.co/jQ6wOw00VU https://t.co/d‚Ä¶",Tue May 02 09:56:36 +0000 2017
iraq,fuatbalkan1919,"OPEC deal backfires: Saudis lose market share to Iran, Iraq https://t.co/Rd5MFp5J0L",Tue May 02 09:56:35 +0000 2017
iraq,KirstyMartin19,RT @SoniaKatiMota: U.S. Repeating Same War Crime In #Syria That Starved 500K Children To Death In #Iraq https://t.co/wvZQoKDqRn,Tue May 02 09:56:34 +0000 2017
iraq,yonkersoem40,RT @AFP: #BREAKING IS ambush in western Iraq kills 10 soldiers: officers,Tue May 02 09:56:33 +0000 2017
iraq,manassanan4324,"RT @TopSocialArtist: @.BTS_twt votes using #BTSBBMAs Middle East
Turkey: 245,399
Saudi Arabia: 19,085
UAE: 18,282
Iran: 8,888
Iraq: 5,435
(‚Ä¶",Tue May 02 09:56:33 +0000 2017
iraq,jhutex_echa,"RT @TopSocialArtist: @.BTS_twt votes using #BTSBBMAs Middle East
Turkey: 245,399
Saudi Arabia: 19,085
UAE: 18,282
Iran: 8,888
Iraq: 5,435
(‚Ä¶",Tue May 02 09:56:17 +0000 2017
iraq,marieljeanneab1,"RT @TopSocialArtist: @.BTS_twt votes using #BTSBBMAs Middle East
Turkey: 245,399
Saudi Arabia: 19,085
UAE: 18,282
Iran: 8,888
Iraq: 5,435
(‚Ä¶",Tue May 02 09:56:17 +0000 2017
iraq,TheNewswyre,"#Iraq: A #KDP Senior Member Fatally Shot in #Kirkuk

 https://t.co/5W5BAOdY1Y",Tue May 02 09:56:13 +0000 2017
iraq,Ulaar_Boys,RT @worldonalert: #Mosul: Video shows clashes between #ISIS and the #Iraq|i army in Western #Mosul today. https://t.co/g8Ut2bCvDO,Tue May 02 09:56:08 +0000 2017
iraq,KookieStorm_,"RT @TopSocialArtist: @.BTS_twt votes using #BTSBBMAs Middle East
Turkey: 245,399
Saudi Arabia: 19,085
UAE: 18,282
Iran: 8,888
Iraq: 5,435
(‚Ä¶",Tue May 02 09:56:07 +0000 2017
iraq,ysminnakkafasi,"RT @TopSocialArtist: @.BTS_twt votes using #BTSBBMAs Middle East
Turkey: 245,399
Saudi Arabia: 19,085
UAE: 18,282
Iran: 8,888
Iraq: 5,435
(‚Ä¶",Tue May 02 09:56:05 +0000 2017
iraq,DementedBonxie,"RT @are_eb: ICYMI: This refugee was handcuffed, hooded and locked inside a toilet when he was deported back to Iraq. https://t.co/xtF50ubgNj",Tue May 02 09:56:04 +0000 2017
iraq,Namjoonpicsrm,"RT @TopSocialArtist: @.BTS_twt votes using #BTSBBMAs Middle East
Turkey: 245,399
Saudi Arabia: 19,085
UAE: 18,282
Iran: 8,888
Iraq: 5,435
(‚Ä¶",Tue May 02 09:56:03 +0000 2017
iraq,nikil_faisal,"@BaahubaliMovie @BFI Dear Sir , This week Baahubali 2 will release in Basrah, Iraq. We are eagerly waiting for that‚Ä¶ https://t.co/DAQSvzSUFH",Tue May 02 09:55:51 +0000 2017
iraq,BaxtiyarGoran,RT @heminhawrami: In London. Will be shortly at @ecfr to talk about the future of Kurdistan &amp; its relation with Iraq &amp; process of Referendu‚Ä¶,Tue May 02 09:55:47 +0000 2017
iraq,genesca_62,"RT @airwars: Once again, UN mission in Iraq makes no mention of civilians killed by Coalition or Iraqi forces (though rightly highlights IS‚Ä¶",Tue May 02 09:55:43 +0000 2017
iraq,nudd_david,RT @MilitaryEarth: 1st Lt. Weston Lee was killed this weekend while serving in Iraq. We will never forget your sacrifice for our country. R‚Ä¶,Tue May 02 09:55:41 +0000 2017
iraq,sparkyNadine,RT @AgendaOfEvil: #ISIS #Attack in western #Iraq kills 10 soldiers: officers Middle East https://t.co/1gL8HMX01v,Tue May 02 09:55:40 +0000 2017
iraq,Grey_Rok,"RT @AJEnglish: How private companies recruit former child soldiers for military operations in Iraq, Afghanistan and elsewhere https://t.co/‚Ä¶",Tue May 02 09:55:35 +0000 2017
iraq,AgendaOfEvil,#ISIS #Attack in western #Iraq kills 10 soldiers: officers Middle East https://t.co/1gL8HMX01v,Tue May 02 09:55:34 +0000 2017
